序号,抑郁概率,正常概率,结果,SDS分数上限,SDS分数下限,预测SDS分数,sds_x,sds_y,个人摘要
1,0.5058,0.4941533585891852,1,63.06481,60.12641984683756,61.612795500218425,0.96028143,0.5142119,['最好的朋友大概就是，能在难过的时候陪伴自己吧额，爸爸妈妈姐姐然后还有奶奶额，应该是，嗯，爷爷过世的时候没有及时赶回去吧']
2,0.4883488478382151,0.5117,0,61.470358247282455,55.57345581054688,58.453201321341055,0.2131811529397964,0.9279015064239502,['最好的朋友大概就是，能在难过的时候陪伴自己吧额，爸爸妈妈姐姐然后还有奶奶额，应该是，嗯，爷爷过世的时候没有及时赶回去吧']
3,0.481176939454295,0.5188,0,67.31895446777344,61.776301560482864,64.44329832287039,0.970505714416504,0.4426975846290588,['虽然不是很严重，但这让我感觉非常的难受，而且当时父母也没有站在我这边，我都没有表现出，就是我把我的愤怒都压抑出来，没有强有力地去攻击他，这让我感觉非常意难平，嗯，一直折磨我吧算是。']
4,0.675,0.3250186854417224,1,65.07581329345703,60.19953404926719,63.4909314236637,0.5898845791816711,0.9768458604812622,['虽然不是很严重，但这让我感觉非常的难受，而且当时父母也没有站在我这边，我都没有表现出，就是我把我的愤怒都压抑出来，没有强有力地去攻击他，这让我感觉非常意难平，嗯，一直折磨我吧算是。']
