序号,抑郁概率,正常概率,结果,SDS分数上限,SDS分数下限,预测SDS分数,sds_x,sds_y,个人摘要
1,0.5005,0.4994728464450051,1,46.982285,44.25551881945768,45.62033910692439,0.60827553,0.7010429,['今天去，早上去公司的时候被发了圣诞节的糖果很开心有的时候喜欢，有的时候不喜欢。']
2,0.4832048910524413,0.5168,0,50.97499465942383,50.1492891797929,50.548274106119365,0.1745694428682327,0.712192177772522,['吃的，就比如说，桂林米粉，卷筒粉，烧鸭，烧鹅，柠檬鸭我们家是重组家庭，就是，额，我，我妈妈跟我爸爸离婚了，然后她就给我找了继父，然后我爸那边也，就是，也再婚了，然后我现在是跟妈妈就是那种仗着自己，就是性格特别大大咧咧，然后，其实，就是，经常，就是会做一些伤害别人举动的事情']
3,0.5039,0.4960845861740162,1,62.13740921020508,61.98789275272443,62.06323640026957,0.7601161599159241,0.9107495546340942,['最好的朋友大概就是，能在难过的时候陪伴自己吧额，爸爸妈妈姐姐然后还有奶奶额，应该是，嗯，爷爷过世的时候没有及时赶回去吧']
4,0.5052,0.4948015906789849,1,60.67427988642834,58.02201461791992,59.36193481266774,0.208929106593132,0.899137556552887,['最好的朋友大概就是，能在难过的时候陪伴自己吧额，爸爸妈妈姐姐然后还有奶奶额，应该是，嗯，爷爷过世的时候没有及时赶回去吧']
5,0.4930214996244236,0.507,0,61.90155792236328,61.59827473505798,61.7477998668741,0.983020842075348,0.4894049763679504,['最好的朋友大概就是，能在难过的时候陪伴自己吧额，爸爸妈妈姐姐然后还有奶奶额，应该是，嗯，爷爷过世的时候没有及时赶回去吧']
